;TOTAL_WORKERS;WAGE_RATE_OF_PAY_FROM;VISA_CLASS;EMPLOYER_COUNTRY;AGENT_ATTORNEY_STATE;EMPLOYER_ADDRESS;PW_SOURCE_OTHER;WORKSITE_STATE;PREVAILING_WAGE;EMPLOYER_PHONE;EMPLOYER_POSTAL_CODE;AGENT_ATTORNEY_CITY;EMPLOYER_PROVINCE;FULL_TIME_POSITION;EMPLOYER_NAME;CASE_SUBMITTED;PW_SOURCE_YEAR;DECISION_DATE;NAIC_CODE;EMPLOYER_STATE;SOC_NAME;WAGE_RATE_OF_PAY_TO;CASE_NUMBER;SOC_CODE;WORKSITE_POSTAL_CODE;CASE_STATUS;WORKSITE_CITY;EMPLOYER_CITY;ORIGINAL_CERT_DATE;WILLFUL_VIOLATOR;AGENT_ATTORNEY_NAME;EMPLOYER_PHONE_EXT;PW_WAGE_SOURCE;H-1B_DEPENDENT;WORKSITE_COUNTY;EMPLOYMENT_END_DATE;PW_UNIT_OF_PAY;JOB_TITLE;WAGE_UNIT_OF_PAY;EMPLOYMENT_START_DATE
0;1;41000.0;H-1B;UNITED STATES OF AMERICA;;PIERPONT COMMONS, INTERNATIONAL CENTER;;MI;36067.0;7347634081;48109;;;;UNIVERSITY OF MICHIGAN;2012-08-27;2012.0;2015-10-16;611310.0;MI;BIOCHEMISTS AND BIOPHYSICISTS;0.0;I-200-12240-490687;10-1021.00;48109;CERTIFIED-WITHDRAWN;ANN ARBOR;ANN ARBOR;2012-08-31;N;,;;OES;N;WASHTENAW;2016-02-24;Year;POSTDOCTORAL RESEARCH FELLOW;Year;2013-02-25
1;1;400000.0;H-1B;UNITED STATES OF AMERICA;TX;6400 INTERNATIONAL PARKWAY, SUITE 1000;OFLC ONLINE DATA CENTER;TX;242674.0;9724215173;75093;ADDISON;;;GOODMAN NETWORKS, INC.;2013-02-25;2012.0;2016-01-13;238210.0;TX;CHIEF EXECUTIVES;0.0;I-200-13053-847481;11-1011;75093;CERTIFIED-WITHDRAWN;PLANO;PLANO;2013-03-01;N;HULME, RANDALL;;OES;N;COLLIN;2016-08-23;Year;CHIEF OPERATING OFFICER;Year;2013-08-24
2;1;264000.0;H-1B;UNITED STATES OF AMERICA;NY;525 WASHINGTON BOULEVARD;OFLC ONLINE DATA CENTER;NJ;193066.0;7326353899;7310;NEW YORK;;;PORTS AMERICA GROUP, INC.;2013-04-23;2012.0;2015-12-10;488310.0;NJ;CHIEF EXECUTIVES;451100.0;I-200-13088-054259;11-1011;7310;CERTIFIED-WITHDRAWN;JERSEY CITY;JERSEY CITY;2013-04-29;N;HENNER, JANET;;OES;N;HUDSON;2016-04-28;Year;CHIEF PROCESS OFFICER;Year;2013-04-29
3;1;220314.0;H-1B;UNITED STATES OF AMERICA;AZ;1551 WEWATTA STREET;OFLC ONLINE DATA CENTER;CO;220314.0;3037444739;80202;PHOENIX;;;GATES CORPORATION, A WHOLLY-OWNED SUBSIDIARY OF TOMKINS PLC;2013-05-24;2012.0;2016-01-19;3363.0;CO;CHIEF EXECUTIVES;600000.0;I-200-13144-034110;11-1011;80202;CERTIFIED-WITHDRAWN;DENVER;DENVER;2013-05-29;N;Shackelford, Andrew;;OES;N;DENVER;2016-09-30;Year;REGIONAL PRESIDEN, AMERICAS;Year;2013-10-01
4;1;171.63;H-1B;UNITED STATES OF AMERICA;TX;701 MARKET STREET;OFLC ONLINE DATA CENTER;MO;75.73;3145883065;63101;ADDISON;;;PEABODY INVESTMENTS CORP.;2013-06-26;2012.0;2016-05-20;213113.0;MO;CHIEF EXECUTIVES;0.0;I-200-13172-415116;11-1011;63101;WITHDRAWN;ST. LOUIS;ST. LOUIS;;N;BAILEY, MICHAEL;;OES;N;ST. LOUIS;2016-10-17;Hour;PRESIDENT MONGOLIA AND INDIA;Hour;2013-10-18
5;1;225000.0;H-1B;UNITED STATES OF AMERICA;GA;5505 BLUE LAGOON DRIVE;TOWERS WATSON 2012 CSR TOP MANAGEMENT COMPENSATION SURVEY REPORT;FL;225000.0;3053783000;33126;Atlanta;;;BURGER KING CORPORATION;2013-08-07;2012.0;2015-10-30;722513.0;FL;CHIEF EXECUTIVES;0.0;I-200-13219-306739;11-1011;33126;CERTIFIED-WITHDRAWN;MIAMI;MIAMI;2013-08-12;N;Hall, Raazia;;Other;N;MIAMI-DADE;2016-09-15;Year;EXECUTIVE V P, GLOBAL DEVELOPMENT AND PRESIDENT, LATIN AMERI;Year;2013-09-15
6;1;120000.0;H-1B;UNITED STATES OF AMERICA;FL;1395 BRICKELL AVENUE;OFLC ONLINE DATA CENTER;TX;91021.0;7864520948;33131;CORAL GABLES;;;BT AND MK ENERGY AND COMMODITIES;2013-11-20;2013.0;2016-02-22;213112.0;FL;CHIEF EXECUTIVES;0.0;I-200-13317-861241;11-1011;77084;CERTIFIED-WITHDRAWN;HOUSTON;MIAMI;2013-11-25;N;GAVICA PEREZ, DENISE;;Other;N;HOUSTON;2016-12-01;Year;CHIEF OPERATING OFFICER;Year;2013-12-02
7;1;150000.0;H-1B;UNITED STATES OF AMERICA;NY;1054 SOUTH DE ANZA BOULEVARD, SUITE 105;OFLC ONLINE DATA CENTER;CA;150000.0;7087777930;95129;NEW YORK;;;GLOBO MOBILE TECHNOLOGIES, INC.;2014-02-07;2013.0;2015-11-16;5112.0;CA;CHIEF EXECUTIVES;0.0;I-200-14037-755844;11-1011;95129;CERTIFIED-WITHDRAWN;SAN JOSE;SAN JOSE;2014-02-13;N;TAYLOR, MARC;;OES;N;SANTA CLARA;2017-08-06;Year;CHIEF OPERATIONS OFFICER;Year;2014-08-07
8;1;175000.0;H-1B;UNITED STATES OF AMERICA;TX;1861 VANDERHORN DRIVE;OFLC ONLINE DATA CENTER;TX;127546.0;9013867340;38134;ADDISON;;;ESI COMPANIES INC.;2014-02-19;2013.0;2015-11-18;541690.0;TN;CHIEF EXECUTIVES;0.0;I-200-14042-183163;11-1011;38134;CERTIFIED-WITHDRAWN;MEMPHIS;MEMPHIS;2014-02-25;N;JACKSON, CHRISTI;;OES;N;SHELBY;2017-02-21;Year;PRESIDENT;Year;2014-02-21
9;1;155000.0;H-1B;UNITED STATES OF AMERICA;VA;8521 LEESBURG PIKE, SUITE 700;FLC DATA CENTER ONLINE WAGE LIBRARY;VA;154648.0;5718301800;22182;RICHMOND;;;LESSARD INTERNATIONAL LLC;2014-03-19;2013.0;2016-03-03;541310.0;VA;CHIEF EXECUTIVES;0.0;I-200-14072-690535;11-1011;22182;WITHDRAWN;VIENNA;VIENNA;;N;SLADIC, ALLYSON;;OES;N;FAIRFAX;2017-09-15;Year;PRESIDENT;Year;2014-09-16
10;1;190000.0;H-1B;UNITED STATES OF AMERICA;DC;ONE PPG PLACE, SUITE 3100;OFLC ONLINE DATA CENTER;PA;182978.0;4124565745;15222;WASHINGTON;;;H.J. HEINZ COMPANY;2014-03-19;2013.0;2016-01-27;311999.0;PA;CHIEF EXECUTIVES;0.0;I-200-14078-894857;11-1011;15222;CERTIFIED-WITHDRAWN;PITTSBURGH;PITTSBURGH;2014-03-25;N;MANCINI, MARK;;OES;N;ALLEGHENY;2017-08-30;Year;CHIEF INFORMATION OFFICER, HEINZ NORTH AMERICA;Year;2014-08-31
11;1;163717.0;H-1B;UNITED STATES OF AMERICA;IL;2200 WEST SALZBURG ROAD;OFLC ONLINE DATA CENTER;MI;163717.0;9894964000;48686;CHICAGO;;;DOW CORNING CORPORATION;2014-06-10;2013.0;2016-08-18;541330.0;MI;CHIEF EXECUTIVES;400000.0;I-200-14149-018419;11-1011;48686;CERTIFIED-WITHDRAWN;MIDLAND;MIDLAND;2014-06-16;N;ELSBERG, ALEXANDER;;OES;N;MIDLAND;2017-09-21;Year;VICE PRESIDENT AND CHIEF HUMAN RESOURCES OFFICER;Year;2014-09-22
12;1;7480.77;H-1B;UNITED STATES OF AMERICA;OR;333 BRIDGE STREET;OFLC ONLINE DATA CENTER;MA;3920.4;5089793132;2719;PORTLAND;;;ACUSHNET COMPANY;2014-06-17;2013.0;2016-01-07;339920.0;MA;CHIEF EXECUTIVES;0.0;I-200-14154-477986;11-1011;2719;CERTIFIED-WITHDRAWN;FAIRHAVEN;FAIRHAVEN;2014-06-23;N;HRIBERNICK, PAUL;;OES;N;BRISTOL;2017-09-30;Week;TREASURER AND COO;Week;2014-09-30
13;1;253750.0;H-1B;UNITED STATES OF AMERICA;MN;56 ROLAND STREET;OFLC ONLINE DATA CENTER;FL;252637.0;6174401674;2129;MINNEAPOLIS;;;BIOCAIR, INC.;2014-12-11;2014.0;2016-01-12;541514.0;MA;CHIEF EXECUTIVES;0.0;I-200-14171-616267;11-1011;33126;CERTIFIED-WITHDRAWN;MIAMI;BOSTON;2014-12-17;N;HUYNH, LOAN;;OES;N;MIAMI DADE;2017-12-16;Year;CHIEF COMMERCIAL OFFICER;Year;2015-01-05
14;1;125000.0;H-1B;UNITED STATES OF AMERICA;CO;6363 SOUTH FIDDLERS GREEN CIRCLE;OFLC ONLINE DATA CENTER;CO;105914.0;3038375674;80111;DENVER;;;NEWMONT MINING CORPORATION;2014-08-20;2014.0;2016-05-18;331419.0;CO;CHIEF EXECUTIVES;0.0;I-200-14231-645202;11-1011;80111;CERTIFIED-WITHDRAWN;GREENWOOD VILLAGE;GREENWOOD VILLAGE;2014-08-26;N;MENDOZA, MARCELA;;OES;N;ARAPAHOE;2017-08-31;Year;BOARD MEMBER;Year;2014-09-01
15;1;153046.0;H-1B;UNITED STATES OF AMERICA;CT;21300 RIDGETOP CIRCLE, SUITE 101;OFLC ONLINE DATA CENTER;VA;153046.0;7034067200;20166;NEW HAVEN;;;VRICON, INC.;2015-03-16;2014.0;2015-10-22;541720.0;VA;CHIEF EXECUTIVES;0.0;I-200-15070-614874;11-1011;20166;CERTIFIED-WITHDRAWN;STERLING;STERLING;2015-03-20;N;KHALID, NAJIA;;OES;N;LOUDOUN;2018-09-11;Year;CHIEF FINANCIAL OFFICER;Year;2015-09-12
16;1;150000.0;H-1B;UNITED STATES OF AMERICA;WI;N7W22025 JOHNSON DRIVE;OFLC ONLINE WAGE LIBRARY;WI;90834.0;2629533500;53186;MILWAUKEE;;;CARDIAC SCIENCE CORPORATION;2015-04-23;2014.0;2015-10-21;334510.0;WI;FINANCIAL MANAGERS;200000.0;I-200-15113-356765;11-1011;53186;CERTIFIED-WITHDRAWN;WAUKESHA;WAUKESHA;2015-04-29;N;KURTEN, BENJAMIN;;OES;N;WAUKESHA;2016-09-29;Year;VICE PRESIDENT OF FINANCE;Year;2015-09-30
17;1;175000.0;H-1B;UNITED STATES OF AMERICA;CA;2049 CENTURY PARK EAST;OFLC ONLINE DATA CENTER;CA;164050.0;3104452455;90067;SANTA MONICA;;;WESTFIELD CORPORATION;2015-08-10;2015.0;2016-04-07;236220.0;CA;CHIEF EXECUTIVES;0.0;I-200-15191-327425;11-1011;90067;CERTIFIED-WITHDRAWN;LOS ANGELES;CENTURY CITY;2015-08-15;N;WOLFSDORF, BERNARD;;OES;N;LOS ANGELES;2018-08-09;Year;GENERAL MANAGER, OPERATIONS;Year;2015-08-10
18;1;90.0;H-1B;UNITED STATES OF AMERICA;MD;265 FRANKLIN STREET;OFLC ONLINE DATA CENTER;CA;90.0;6179877989;2110;OWINGS MILLS;;;QUICKLOGIX LLC;2015-11-10;2015.0;2015-11-18;541519.0;MA;CHIEF EXECUTIVES;0.0;I-200-15198-889809;11-1011;95054;CERTIFIED;SANTA CLARA;BOSTON;;N;FURO, RUKAYYA;;OES;N;SANTA CLARA;2018-11-09;Hour;CEO;Hour;2015-11-10
19;1;245000.0;H-1B;UNITED STATES OF AMERICA;DC;333 NORTH FAIRFAX STREET;OFLC ONLINE DATA CENTER;VA;241842.0;5713128637;22314;WASHINGTON;;;MCCHRYSTAL GROUP, LLC;2015-10-14;2015.0;2015-10-20;541611.0;VA;CHIEF EXECUTIVES;0.0;I-200-15209-285824;11-1011;22134;CERTIFIED;ALEXANDRIA;ALEXANDRIA;;N;ALEXANDER, JAMES;;OES;N;ALEXANDRIA CITY;2018-01-13;Year;PRESIDENT, NORTHEAST REGION;Year;2016-01-14
20;1;148400.0;H-1B;UNITED STATES OF AMERICA;CA;2839 TANAGER AVENUE;OFLC ONLINE DATA CENTER;CA;117998.0;8888831885;90040;LOS ANGELES;;;CUDDLE BARN, INC.;2015-08-05;2015.0;2015-11-10;339931.0;CA;CHIEF EXECUTIVES;0.0;I-200-15210-427331;11-1011;90040;CERTIFIED-WITHDRAWN;COMMERCE;COMMERCE;2015-08-11;N;WHITTENBURG, FUJI;;Other;N;LOS ANGELES;2018-08-17;Year;CHIEF OPERATING OFFICER (COO);Year;2015-08-17
21;1;175000.0;H-1B;UNITED STATES OF AMERICA;CA;2049 CENTURY PARK EAST;OFLC ONLINE DATA CENTER;CA;164050.0;3104452455;90067;SANTA MONICA;;;WESTFIELD CORPORATION;2015-08-24;2015.0;2016-04-07;236220.0;CA;CHIEF EXECUTIVES;0.0;I-200-15230-262660;11-1011;90067;CERTIFIED-WITHDRAWN;LOS ANGELES;CENTURY CITY;2015-08-28;N;WOLFSDORF, BERNARD;;OES;N;LOS ANGELES;2018-08-23;Year;GENERAL MANAGER, OPERATIONS;Year;2015-08-24
22;1;100000.0;H-1B;UNITED STATES OF AMERICA;CA;4241 JUTLAND DRIVE;OFLC ONLINE DATA CENTER;CA;99986.0;8584059128;92117;SAN DIEGO;;;LOMICS, LLC;2015-09-30;2015.0;2015-10-06;541511.0;CA;CHIEF EXECUTIVES;0.0;I-200-15230-781769;11-1011;92117;CERTIFIED;SAN DIEGO;SAN DIEGO;;N;FELDMAN, JASON;;OES;N;SAN DIEGO;2016-11-12;Year;CEO;Year;2015-10-10
23;1;100000.0;H-1B;UNITED STATES OF AMERICA;CA;1059 TIERRA DEL REY;OFLC ONLINE DATA CENTER;CA;99986.0;6192168828;91910;SAN DIEGO;;;UC UNIVERSITY HIGH SCHOOL EDUCATION INC.;2015-09-28;2015.0;2015-10-02;611110.0;CA;CHIEF EXECUTIVES;120000.0;I-200-15251-463485;11-1011;91910;CERTIFIED;CHULA VISTA;CHULA VISTA;;N;STANGER, MARLENE;;OES;N;SAN DIEGO;2018-12-31;Year;CHIEF FINANCIAL OFFICER;Year;2016-01-01
24;1;216000.0;H-1B;UNITED STATES OF AMERICA;FL;2601 SOUTH BAYSHORE DRIVE;OFLC ONLINE DATA CENTER;FL;159370.0;3055033100;33133;CORAL GABLES;;;VMS COMMUNICATIONS LLC;2015-09-09;2015.0;2015-10-22;541511.0;FL;CHIEF EXECUTIVES;0.0;I-200-15252-676375;11-1011;33133;CERTIFIED-WITHDRAWN;MIAMI;MIAMI;2015-09-15;N;GONZALEZ, ANA;;Other;N;MIAMI DADE COUNTY;2018-09-20;Year;CHIEF OPERATING OFFICER;Year;2015-09-21
25;1;90.0;H-1B;UNITED STATES OF AMERICA;MD;265 FRANKLIN STREET;OFLC ONLINE DATA CENTER;CA;90.0;6179877989;2110;OWINGS MILLS;;;QUICKLOGIX, INC.;2015-12-31;2015.0;2016-01-07;541519.0;MA;CHIEF EXECUTIVES;0.0;I-200-15257-186803;11-1011;95054;CERTIFIED;SANTA CLARA;BOSTON;;N;FURO, RUKAYYA;;OES;N;SANTA CLARA;2018-12-30;Hour;CEO;Hour;2015-12-31
26;1;140000.0;H-1B;UNITED STATES OF AMERICA;NY;611 NORTH 10TH STREET;OFLC ONLINE DATA CENTER;IL;130853.0;8887874386;63101;NEW YORK;;;FOODESSENTIALS CORPORATION;2015-10-22;2015.0;2015-11-04;54171.0;MO;CHIEF EXECUTIVES;0.0;I-200-15275-080753;11-1011;60661;CERTIFIED-WITHDRAWN;CHICAGO;SAINT LOUIS;2015-10-27;N;GANDAREZ, MARIA;;OES;N;COOK;2018-10-22;Year;CHIEF EXECUTIVE OFFICER;Year;2015-10-23
27;1;216000.0;H-1B;UNITED STATES OF AMERICA;CA;1660 17TH STREET;OFLC ONLINE DATA CENTER;CA;215862.0;4159372303;94107;WOODLAND HILLS;;;HELLO INC.;2015-10-07;2015.0;2015-10-14;443120.0;CA;CHIEF EXECUTIVES;0.0;I-200-15280-198598;11-1011;94107;CERTIFIED;SAN FRANCISCO;SAN FRANCISCO;;N;WRIGHT, CHRISTOPHER;;OES;N;SAN FRANCISCO;2018-10-19;Year;CHIEF BUSINESS OFFICER;Year;2015-10-19
28;1;210000.0;H-1B;UNITED STATES OF AMERICA;TX;800 CESAR CHAVEZ;OFLC ONLINE DATA CENTER;TX;192088.0;8554898623;78701;AUSTIN;;;UMBEL CORP;2015-10-08;2015.0;2015-10-15;541511.0;TX;CHIEF EXECUTIVES;0.0;I-200-15280-454382;11-1011;78701;CERTIFIED;AUSTIN;AUSTIN;;N;MERRITT, NICOLE;;OES;N;TRAVIS;2018-11-16;Year;VICE PRESIDENT OF ENGINEERING;Year;2015-11-16
29;1;3737.0;H-1B;UNITED STATES OF AMERICA;FL;778 HERITAGE DRIVE;CHARITY NAVIGATOR'S 2014 CEO COMPENSATION STUDY (VIA CHARITYNAVIGATOR.ORG);FL;3665.23;9545595068;33326;HOLLYWOOD;;;PERSPECTIVES OF FREEDOM FOUNDATION, INC;2015-10-08;2014.0;2015-10-15;541720.0;FL;CHIEF EXECUTIVES;0.0;I-200-15281-615436;11-1011;33326;CERTIFIED;WESTON;WESTON;;N;GUZMAN, SOFIA;;Other;N;BROWARD;2018-10-31;Bi-Weekly;EXECUTIVE DIRECTOR;Bi-Weekly;2015-11-01
30;1;150000.0;H-1B;UNITED STATES OF AMERICA;NY;1140 CONNECTICUT AVENUE NW;OFLC ONLINE DATA CENTER;DC;149594.0;2028332008;20036;NEW YORK;;;GTH INC.;2015-10-14;2015.0;2015-10-20;523999.0;DC;CHIEF EXECUTIVES;0.0;I-200-15287-400003;11-1011;20036;CERTIFIED;WASHINGTON;WASHINGTON;;N;WERGER ROSEN, MELISSA;;OES;N;DISTRICT OF COLUMBIA;2018-10-19;Year;VICE PRESIDENT, BUSINESS DEVELOPMENT;Year;2015-10-19
31;1;400000.0;H-1B;UNITED STATES OF AMERICA;DC;ONE PPG PLACE SUITE 3100;OFLC ONLINE DATA CENTER;IL;226699.0;4122374095;15222;WASHINGTON;;;THE KRAFT HEINZ COMPANY;2015-10-22;2015.0;2015-10-28;31199.0;PA;CHIEF EXECUTIVES;0.0;I-200-15294-492048;11-1011;60093;CERTIFIED;CHICAGO;PITTSBURGH;;N;MANCINI, MARK;;OES;N;COOK;2018-10-29;Year;HEAD OF US SALES;Year;2015-10-30
32;1;187200.0;H-1B;UNITED STATES OF AMERICA;NC;2100 GATEWAY CENTRE BLVD;OFLC ONLINE DATA CENTER;NC;187200.0;8003348322;27560;CHARLOTTE;;;REGED, INC.;2015-10-27;2015.0;2015-11-02;511210.0;NC;CHIEF EXECUTIVES;202533.0;I-200-15295-327350;11-1011;27560;CERTIFIED;MORRISVILLE;MORRISVILLE;;N;BARNETTE, MEREDITH;;OES;N;WAKE;2018-11-01;Year;CHIEF FINANCIAL OFFICER;Year;2015-11-02
33;1;235000.0;H-1B;UNITED STATES OF AMERICA;FL;2601 SOUTH BAYSHORE DRIVE;OFLC ONLINE DATA CENTER;FL;159370.0;3055033100;33133;CORAL GABLES;;;VMS COMMUNICATIONS LLC;2015-10-28;2015.0;2015-11-03;541511.0;FL;CHIEF EXECUTIVES;0.0;I-200-15295-497154;11-1011;33133;CERTIFIED;MIAMI;MIAMI;;N;GONZALEZ, ANA;;Other;N;MIAMI DADE COUNTY;2018-11-01;Year;CHIEF OPERATING OFFICER;Year;2015-11-02
34;1;220000.0;H-1B;UNITED STATES OF AMERICA;NY;10 BLACKSTONE VALLEY PLACE;OFLC ONLINE DATA CENTER;RI;98550.0;4013333300;2865;NEW YORK;;;FINLAY EXTRACTS & INGREDIENTS USA, INC.;2015-10-26;2015.0;2015-10-30;424490.0;RI;CHIEF EXECUTIVES;0.0;I-200-15295-970704;11-1011;2865;CERTIFIED;LINCOLN;LINCOLN;;N;VANCE, TARA;131.0;OES;N;PROVIDENCE;2018-09-30;Year;VICE PRESIDENT OF OPERATIONS;Year;2015-11-01
35;1;140000.0;H-1B;UNITED STATES OF AMERICA;NY;611 NORTH 10TH STREET;OFLC ONLINE DATA CENTER;IL;130853.0;8887874386;63101;NEW YORK;;;LABEL INSIGHT;2015-10-26;2015.0;2015-11-04;54171.0;MO;CHIEF EXECUTIVES;0.0;I-200-15296-086282;11-1011;60661;CERTIFIED-WITHDRAWN;CHICAGO;SAINT LOUIS;2015-10-30;N;GANDAREZ, MARIA;;OES;N;COOK;2018-10-27;Year;CHIEF EXECUTIVE OFFICER;Year;2015-10-28
36;1;140000.0;H-1B;UNITED STATES OF AMERICA;NY;611 NORTH 10TH STREET;OFLC ONLINE DATA CENTER;IL;130853.0;8887874386;63101;NEW YORK;;;LABEL INSIGHT;2015-10-26;2015.0;2015-10-30;54171.0;MO;CHIEF EXECUTIVES;0.0;I-200-15299-614107;11-1011;60661;CERTIFIED;CHICAGO;SAINT LOUIS;;N;GANDAREZ, MARIA;;OES;N;COOK;2018-10-27;Year;CHIEF EXECUTIVE OFFICER;Year;2015-10-28
37;1;60000.0;H-1B;UNITED STATES OF AMERICA;;28600 RIDGEHILLS DRIVE;OFLC ONLINE DATA CENTER;OH;52416.0;4405850600;44092;;;;INN AT THE WICKLIFFE LLC;2015-10-27;2015.0;2015-11-02;72111.0;OH;CHIEF EXECUTIVES;0.0;I-200-15300-493730;11-1011;44092;CERTIFIED;WICKLIFFE;WICKLIFFE;;N;,;;OES;N;LAKE;2018-10-26;Year;CHIEF EXECUTIVE OFFICER;Year;2015-10-27
38;1;130853.0;H-1B;UNITED STATES OF AMERICA;GA;4300 WEAVER PARKWAY;OFLC ONLINE DATA CENTER;IL;130853.0;6308215400;60555;ATLANTA;;;DURHAM SCHOOL SERVICES, LP;2015-11-19;2015.0;2015-11-25;485410.0;IL;CHIEF EXECUTIVES;0.0;I-200-15301-290931;11-1011;60555;CERTIFIED;WARRENVILLE;WARRENVILLE;;N;SIMMONS, TERI;;OES;N;DUPAGE;2018-11-22;Year;VICE PRESIDENT, FINANCE AND OPERATIONS ANALYSIS;Year;2015-11-23
39;1;500000.0;H-1B;UNITED STATES OF AMERICA;WA;500 SW 39TH STREET, SUITE 200;OFLC ONLINE DATA CENTER;WA;90.0;4252821759;98057;SEATTLE;;;PARALLELS, INC.;2015-11-19;2015.0;2015-11-27;541511.0;WA;CHIEF EXECUTIVES;0.0;I-200-15306-232430;11-1011;98057;DENIED;RENTON;RENTON;;N;LOPEZ LEY, KATHERINE;;OES;N;WA;2019-02-19;Hour;CHIEF EXECUTIVE OFFICER;Year;2016-02-20
40;1;107848.0;H-1B;UNITED STATES OF AMERICA;;6820 SOUTH CEDAR STREET;OFLC ONLINE DATA CENTER;MI;89107.0;5176948123;48911;VANCOUVER;;;CB LANSING 300 LLP;2015-11-09;2015.0;2015-11-16;236220.0;MI;CHIEF EXECUTIVES;0.0;I-200-15307-692781;11-1011;48911;CERTIFIED;LANSING;LANSING;;N;COWGILL, DOUGLAS;;OES;N;INGHAM;2018-12-05;Year;CHIEF OPERATING OFFICER;Year;2015-12-06
41;1;159996.0;H-1B;UNITED STATES OF AMERICA;FL;2002 SUMMIT BOULEVARD;OFLC ONLINE DATA CENTER;IL;130853.0;4044605057;30319;MIAMI;;;SOFTTEK INTEGRATION SYSTEMS, INC.;2015-11-04;2015.0;2015-11-11;541511.0;GA;CHIEF EXECUTIVES;0.0;I-200-15308-110896;11-1011;60062;CERTIFIED;NORTHBROOK;ATLANTA;;N;CIFUENTES, MARIA;;Other;N;COOK;2018-11-05;Year;ACCOUNT DIRECTOR;Year;2015-11-05
42;1;103000.0;H-1B;UNITED STATES OF AMERICA;GA;11380 SOUTHBRIDGE PARKWAY;OFLC ONLINE DATA CENTER;GA;102190.0;6786664747;30022;ALPHARETTA;;;SPARITY, INC.;2015-11-04;2015.0;2015-11-11;541511.0;GA;CHIEF EXECUTIVES;200000.0;I-200-15308-451021;11-1011;30022;CERTIFIED;ALPHARETTA;ALPHARETTA;;N;SIKAL, SOWMIYA;;OES;Y;FULTON;2018-12-30;Year;TECHNICAL DIRECTOR;Year;2015-12-31
43;1;200000.0;H-1B;UNITED STATES OF AMERICA;CA;3250 OCEAN PARK BLVD.;OFLC ONLINE DATA CENTER;CA;197683.0;3103828909;90405;LOS ANGELES;;;ADCONION DIRECT, INC.;2015-11-10;2015.0;2015-11-18;541870.0;CA;CHIEF EXECUTIVES;0.0;I-200-15310-399602;11-1011;92075;CERTIFIED;SOLANA BEACH;SANTA MONICA;;N;DE BONO, LORNA;;OES;N;SAN DIEGO;2018-12-03;Year;VICE PRESIDENT OF OPERATIONS;Year;2015-12-03
44;1;150000.0;H-1B;UNITED STATES OF AMERICA;CA;500 7TH AVENUE 17A;OFLC ONLINE DATA CENTER;NY;122179.0;6469613885;10018;PALO ALTO;;;MAVENCARE US INC.;2015-11-06;2015.0;2015-11-13;6216.0;NY;CHIEF EXECUTIVES;0.0;I-200-15310-845942;11-1011;10018;CERTIFIED;NEW YORK;NEW YORK;;N;SCHULZ, C. MATTHEW;;OES;N;NEW YORK;2018-11-15;Year;SVP BUSINESS OPERATIONS AND DEVELOPMENT;Year;2015-11-16
45;1;65000.0;H-1B;UNITED STATES OF AMERICA;IL;601 S PROSPECT ST;OFLC ONLINE DATA CENTER;IL;54766.0;8157774444;61036;CHICAGO;;;THE CHICAGO ATHENAEUM: CENTER FOR ARCHITECTURE, DESIGN & URBAN STUDIES;2015-11-09;2015.0;2015-11-16;712110.0;IL;CHIEF EXECUTIVES;0.0;I-200-15313-565882;11-1011;61036;CERTIFIED;GALENA;GALENA;;N;LARBI-SIAW, KWABENA;;OES;N;JO DAVIESS;2019-01-03;Year;EXECUTIVE DIRECTOR;Year;2016-01-04
46;1;190000.0;H-1B;UNITED STATES OF AMERICA;NY;2 BROAD STREET;OFLC ONLINE DATA CENTER;NJ;187200.0;9734297222;7003;NEW YORK;;;MED ADVANTAGE LLC;2015-11-10;2015.0;2015-11-18;561110.0;NJ;CHIEF EXECUTIVES;0.0;I-200-15314-689844;11-1011;7003;CERTIFIED;BLOOMFIELD;BLOOMFIELD;;N;CHIRAYILPARAMBU, GOVIND;;OES;N;ESSEX;2019-04-14;Year;CHIEF FINANCIAL OFFICER;Year;2016-04-15
47;1;215850.0;H-1B;UNITED STATES OF AMERICA;CA;5090 SHOREHAM PLACE;OFLC ONLINE DATA CENTER;CA;197683.2;8587645502;92122;SAN DIEGO;;;RANCHO LA PUERTA LLC;2015-11-19;2015.0;2015-11-23;551114.0;CA;CHIEF EXECUTIVES;220000.0;I-200-15315-883573;11-1011;92122;DENIED;SAN DIEGO;SAN DIEGO;;N;NGUYEN, KIMBERLY;;OES;N;SAN DIEGO;2018-12-06;Year;PRESIDENT;Year;2015-12-07
48;1;74.74;H-1B;UNITED STATES OF AMERICA;MD;2450 PERALTA BLVD.;OFLC ONLINE DATA CENTER;CA;74.74;4085094363;94536;BETHESDA;;;STRATEGISM, INC.;2015-11-20;2015.0;2015-11-27;54151.0;CA;CHIEF EXECUTIVES;0.0;I-200-15322-756895;11-1011;94536;CERTIFIED;FREMONT;FREMONT;;N;MICHAILOV, ALEKSANDRA;;OES;Y;ALAMEDA;2019-04-14;Hour;CHIEF EXECUTIVE OFFICER;Hour;2016-04-15
49;1;215850.0;H-1B;UNITED STATES OF AMERICA;CA;5090 SHOREHAM PLACE;OFLC ONLINE DATA CENTER;CA;197683.2;8587645502;92122;SAN DIEGO;;;RANCHO LA PUERTA LLC;2015-11-23;2015.0;2015-11-30;551114.0;CA;CHIEF EXECUTIVES;220000.0;I-200-15327-354162;11-1011;92122;CERTIFIED;SAN DIEGO;SAN DIEGO;;N;NGUYEN, KIMBERLY;;OES;N;SAN DIEGO;2018-12-06;Year;PRESIDENT;Year;2015-12-07
50;1;215000.0;H-1B;UNITED STATES OF AMERICA;VA;800 WEST SAM HOUSTON PARKWAY SOUTH;OFLC ONLINE DATA CENTER;TX;187200.0;7134626565;77042;RICHMOND;;;SPRING BRANCH COMMUNITY HEALTH CENTER;2015-11-30;2015.0;2015-12-04;621111.0;TX;CHIEF EXECUTIVES;0.0;I-200-15329-050228;11-1011;77449;CERTIFIED;KATY;HOUSTON;;N;MINEAR, JENNIFER;120.0;OES;N;HARRIS;2018-12-14;Year;CHIEF MEDICAL OFFICER;Year;2015-12-15
51;1;215000.0;H-1B;UNITED STATES OF AMERICA;VA;800 WEST SAM HOUSTON PARKWAY SOUTH;OFLC ONLINE DATA CENTER;TX;187200.0;7134626565;77042;RICHMOND;;;SPRING BRANCH COMMUNITY HEALTH CENTER;2015-11-30;2015.0;2015-12-04;621111.0;TX;CHIEF EXECUTIVES;0.0;I-200-15329-297436;11-1011;77042;CERTIFIED;HOUSTON;HOUSTON;;N;MINEAR, JENNIFER;120.0;OES;N;HARRIS;2018-12-14;Year;CHIEF MEDICAL OFFICER;Year;2015-12-15
52;1;102190.0;H-1B;UNITED STATES OF AMERICA;CA;100 N CENTRAL EXPRESSWAY SUITE 700;OFLC ONLINE DATA CENTER;GA;102190.0;5102574070;75080;PLEASANTON;;;PAXTERRA SOLUTIONS, INC.;2015-12-01;2015.0;2015-12-07;541511.0;TX;CHIEF EXECUTIVES;0.0;I-200-15334-017643;11-1011;30097;CERTIFIED;JOHNS CREEK;RICHARDSON;;N;MICHAEL RITTER, DANA;;OES;N;FULTON;2018-12-07;Year;ASSISTANT VICE PRESIDENT, BUSINESS DEVELOPMENT;Year;2015-12-08
53;1;500000.0;H-1B;UNITED STATES OF AMERICA;WA;500 SW 39TH STREET, SUITE 200;OFLC ONLINE DATA CENTER;WA;90.0;4252821759;98057;SEATTLE;;;PARALLELS, INC.;2015-11-30;2015.0;2015-12-04;541511.0;WA;CHIEF EXECUTIVES;0.0;I-200-15334-776149;11-1011;98057;CERTIFIED;RENTON;RENTON;;N;LOPEZ LEY, KATHERINE;;OES;N;KING;2019-02-19;Hour;CHIEF EXECUTIVE OFFICER;Year;2016-02-20
54;1;170000.0;H-1B;UNITED STATES OF AMERICA;CA;30 MAIN STREET;OFLC ONLINE DATA CENTER;MA;164403.0;6174130339;1721;SAN DIEGO;;;VARIANTYX INC.;2015-12-04;2015.0;2015-12-10;541711.0;MA;CHIEF EXECUTIVES;0.0;I-200-15336-030345;11-1011;1721;CERTIFIED;ASHLAND;ASHLAND;;N;STANGER, MARLENE;;OES;N;MIDDLESEX;2018-12-31;Year;CHIEF INFORMATION OFFICER;Year;2016-01-01
55;1;170000.0;H-1B;UNITED STATES OF AMERICA;FL;10464 BRYAN HIGHWAY;OFLC ONLINE DATA CENTER;MI;145829.0;5174672065;49265;MIAMI;;;NATURAL AMERICAN FOODS INC.;2015-12-05;2015.0;2015-12-10;311999.0;MI;CHIEF EXECUTIVES;0.0;I-200-15338-112452;11-1011;49265;CERTIFIED;ONSTED;ONSTED;;N;BARQUET, ROY;;Other;N;LENAWEE;2019-01-14;Year;VICE PRESIDENT OF QUALITY;Year;2016-01-15
56;1;74.74;H-1B;UNITED STATES OF AMERICA;MD;39355 CALIFORNIA STREET;OFLC ONLINE DATA CENTER;CA;74.74;5107933257;94538;BETHESDA;;;STRATEGISM, INC.;2015-12-04;2015.0;2015-12-10;54151.0;CA;CHIEF EXECUTIVES;0.0;I-200-15338-171602;11-1011;94538;CERTIFIED;FREMONT;FREMONT;;N;MICHAILOV, ALEKSANDRA;;OES;Y;ALAMEDA;2019-04-14;Hour;CHIEF EXECUTIVE OFFICER;Hour;2016-04-15
57;1;170000.0;H-1B;UNITED STATES OF AMERICA;FL;10464 BRYAN HIGHWAY;OFLC ONLINE DATA CENTER;MI;145829.0;5174672065;49265;MIAMI;;;NATURAL AMERICAN FOODS INC.;2015-12-04;2015.0;2015-12-10;311999.0;MI;CHIEF EXECUTIVES;0.0;I-200-15338-864185;11-1011;49265;CERTIFIED;ONSTED;ONSTED;;N;BARQUET, ROY;;Other;N;LENAWEE;2019-01-14;Year;VICE PRESIDENT OF QUALITY;Year;2016-01-15
58;1;163654.0;H-1B;UNITED STATES OF AMERICA;TX;805 MEDIA LUNA;OFLC ONLINE DATA CENTER;TX;161179.0;9565749787;78520;SAN ANTONIO;;;PRONTO GENERAL AGENCY, LTD.;2015-12-10;2015.0;2015-12-16;524126.0;TX;CHIEF EXECUTIVES;0.0;I-200-15343-545334;11-1011;78520;CERTIFIED;BROWNSVILLE;BROWNSVILLE;;N;GARCIA, VICTORIA;;OES;N;CAMERON;2019-01-10;Year;PRESIDENT;Year;2016-01-11
59;1;187075.0;H-1B;UNITED STATES OF AMERICA;FL;1910 ABBOTT STREET;OFLC ONLINE DATA CENTER;VA;187075.0;9806138622;28203;TAMPA;;;CENTRAL OCEANS USA LLC;2015-12-09;2015.0;2015-12-15;483111.0;NC;CHIEF EXECUTIVES;200000.0;I-200-15343-834154;11-1011;22901;CERTIFIED;CHARLOTTESVILLE;CHARLOTTE;;N;ROEPER, JENNIFER;;OES;N;ALBEMARLE;2019-01-31;Year;PRESIDENT & CHIEF EXECUTIVE OFFICER;Year;2016-02-01
60;1;192000.0;H-1B;UNITED STATES OF AMERICA;CA;1436 HOWARD STREET;OFLC ONLINE DATA CENTER;CA;187200.0;4155109092;94103;SAN FRANCISCO;;;AMPED, INC.;2015-12-10;2015.0;2016-03-11;511210.0;CA;CHIEF EXECUTIVES;0.0;I-200-15344-843111;11-1011;94103;CERTIFIED-WITHDRAWN;SAN FRANCISCO;SAN FRANCISCO;2015-12-16;N;JEWELL, PHYLLIS;;OES;N;SAN FRANCISCO;2018-12-20;Year;CHIEF OPERATING OFFICER;Year;2015-12-21
61;1;36.9;H-1B;UNITED STATES OF AMERICA;VA;3495 KENT AVENUE;OFLC ONLINE DATA CENTER;IN;36.9;7654125189;47906;STAUNTON;;;SENSORHOUND, INC.;2015-12-14;2015.0;2015-12-18;541511.0;IN;CHIEF EXECUTIVES;0.0;I-200-15344-896732;11-1011;47906;CERTIFIED;WEST LAFAYETTE;WEST LAFAYETTE;;N;KHANNA, RAJIV;;OES;N;TIPPECANOE;2018-12-14;Hour;CHIEF EXECUTIVE OFFICER AND RESEARCH SCIENTIST;Hour;2015-12-15
62;1;190000.0;H-1B;UNITED STATES OF AMERICA;IN;1020 HULL STREET;OFLC ONLINE DATA CENTER;MD;137966.0;8887276687;21230;INDIANAPOLIS;;;UNDER ARMOUR, INC.;2015-12-14;2015.0;2015-12-18;423910.0;MD;CHIEF EXECUTIVES;230000.0;I-200-15348-975688;11-1011;21230;CERTIFIED;BALTIMORE;BALTIMORE;;N;BROWN, JENIFER;;OES;N;BALTIMORE CITY;2019-01-04;Year;SR. DIRECTOR, BUSINESS PERFORMANCE MANAGEMENT;Year;2016-01-04
63;1;238125.0;H-1B;UNITED STATES OF AMERICA;FL;1 MAX PLANCK WAY;OFLC ONLINE DATA CENTER;FL;187200.0;5619729035;33458;CORAL GABLES;;;MAX PLANCK FLORIDA CORPORATION;2015-12-16;2015.0;2015-12-24;541712.0;FL;CHIEF EXECUTIVES;0.0;I-200-15350-735784;11-1011;33458;CERTIFIED;JUPITER;JUPITER;;N;BLUMBERG, AARON;;OES;N;PALM BEACH;2019-02-14;Year;CHIEF OPERATING OFFICER;Year;2016-02-15
64;1;238125.0;H-1B;UNITED STATES OF AMERICA;FL;1 MAX PLANCK WAY;OFLC ONLINE DATA CENTER;FL;226616.0;5619729035;33458;CORAL GABLES;;;MAX PLANCK FLORIDA CORPORATION;2015-12-16;2015.0;2015-12-22;541712.0;FL;CHIEF EXECUTIVES;0.0;I-200-15350-876139;11-1011;33458;CERTIFIED;JUPITER;JUPITER;;N;BLUMBERG, AARON;;OES;N;PALM BEACH;2019-02-14;Year;CHIEF OPERATING OFFICER;Year;2016-02-15
65;1;241600.0;H-1B;UNITED STATES OF AMERICA;DC;FISERV, INC. 255 FISERV DRIVE;OFLC ONLINE DATA CENTER;FL;221541.0;2628795564;53045;WASHINGTON;;;FISERV AUTOMOTIVE SOLUTIONS, INC.;2016-01-13;2015.0;2016-01-20;518210.0;WI;CHIEF EXECUTIVES;362400.0;I-200-15356-812518;11-1011;32746;CERTIFIED;LAKE MARY;BROOKFIELD;;N;OLIVER, BRENDA;;OES;N;SEMINOLE;2019-01-31;Year;PRESIDENT, LENDING SOLUTIONS;Year;2016-02-01
66;1;225000.0;H-1B;UNITED STATES OF AMERICA;IL;1351 DIVIDEND DRIVE;OFLC ONLINE DATA CENTER;GA;198266.0;7704050290;30067;CHICAGO;;;HBN MEDIA, INC.;2015-12-30;2015.0;2016-01-06;531390.0;GA;CHIEF EXECUTIVES;0.0;I-200-15357-108174;11-1011;30067;CERTIFIED;MARIETTA;MARIETTA;;N;KUHAGEN, SCOTT;;OES;N;COBB;2019-01-11;Year;CHIEF OPERATING OFFICER;Year;2016-01-11
67;1;230000.16;H-1B;UNITED STATES OF AMERICA;FL;902 INSPIRATION AVENUE;OFLC ONLINE DATA CENTER;FL;221541.0;4079421500;32714;CORAL GABLES;;;ADVENTIST HEALTH SYSTEM SUNBELT;2015-12-23;2015.0;2016-01-04;622110.0;FL;CHIEF EXECUTIVES;0.0;I-200-15357-900958;11-1011;32714;CERTIFIED;ALTAMONTE SPRINGS;ALTAMONTE SPRINGS;;N;GAVICA PEREZ, DENISE;;OES;N;SEMINOLE;2019-02-01;Year;REGIONAL CHIEF MEDICAL INFORMATION OFFICER;Year;2016-02-01
68;1;187075.0;H-1B;UNITED STATES OF AMERICA;FL;698 BERKMAR CIRCLE;OFLC ONLINE DATA CENTER;VA;187075.0;4342279239;22901;TAMPA;;;CENTRAL OCEANS USA LLC;2015-12-28;2015.0;2016-01-04;483111.0;VA;CHIEF EXECUTIVES;200000.0;I-200-15362-675261;11-1011;22901;CERTIFIED;CHARLOTTESVILLE;CHARLOTTESVILLE;;N;ROEPER, JENNIFER;;OES;N;ALBEMARLE;2019-01-31;Year;"PRESIDENT &AMP; CHIEF EXECUTIVE OFFICER";Year;2016-02-01
69;1;119.84;H-1B;UNITED STATES OF AMERICA;NC;1165 MONTGOMERY DRIVE;OFLC ONLINE DATA CENTER;CA;112.72;7075255300;95405;RALEIGH;;;SANTA ROSA MEMORIAL HOSPITAL;2016-01-08;2015.0;2016-01-08;623110.0;CA;CHIEF EXECUTIVES;0.0;I-200-15365-380616;11-1011;95405;WITHDRAWN;SANTA ROSA;SANTA ROSA;;N;MANNA, MIGUEL;;OES;N;SONOMA;2019-01-14;Hour;CHIEF MEDICAL INFORMATICS OFFICER;Hour;2016-01-15
70;1;256000.0;H-1B;UNITED STATES OF AMERICA;MD;1114 LOST CREEK BLVD.;OFLC ONLINE DATA CENTER;PA;202634.0;5123086032;78746;OWINGS MILLS;;;MAP HEALTH MANAGEMENT , LLC;2016-01-07;2015.0;2016-01-13;624190.0;TX;CHIEF EXECUTIVES;0.0;I-200-16004-004651;11-1011;17050;CERTIFIED;MECHANICSBURG;AUSTIN;;N;GREEN, BRIAN;;OES;N;CUMBERLAND;2019-01-17;Year;CHIEF TECHNOLOGY OFFICER;Year;2016-01-18
71;1;119.84;H-1B;UNITED STATES OF AMERICA;NC;1165 MONTGOMERY DRIVE;OFLC ONLINE DATA CENTER;CA;112.72;7075255300;95405;RALEIGH;;;SANTA ROSA MEMORIAL HOSPITAL;2016-01-08;2015.0;2016-01-14;623110.0;CA;CHIEF EXECUTIVES;0.0;I-200-16008-151206;11-1011;95405;CERTIFIED;SANTA ROSA;SANTA ROSA;;N;MANNA, MIGUEL;;OES;N;SONOMA;2019-01-14;Hour;CHIEF MEDICAL INFORMATION OFFICER;Hour;2016-01-15
72;1;270504.0;H-1B;UNITED STATES OF AMERICA;MO;6565 N. MACARTHUR BLVD.;OFLC ONLINE DATA CENTER;TX;187200.0;9727644500;75039;KANSAS CITY;;;BENEFUEL INC.;2016-02-02;2015.0;2016-02-08;541330.0;TX;CHIEF EXECUTIVES;0.0;I-200-16008-731126;11-1011;75039;CERTIFIED;IRVING;IRVING;;N;BLACKWOOD, TONI;;OES;N;DALLAS;2017-02-10;Year;CHIEF EXECUTIVE OFFICER;Year;2016-05-20
73;1;195000.0;H-1B;UNITED STATES OF AMERICA;GA;35803 VERONICA STREET;OFLC ONLINE DATA CENTER;MI;194875.0;7348554345;48150;ATLANTA;;;RIVIAN AUTOMOTIVE LLC;2016-01-11;2015.0;2016-01-15;336111.0;MI;CHIEF EXECUTIVES;300000.0;I-200-16011-049273;11-1011;48150;CERTIFIED;LIVONIA;LIVONIA;;N;PORTER, LINNEA;;OES;N;WAYNE;2019-01-20;Year;CHIEF STRATEGY OFFICER;Year;2016-01-20
74;1;180000.0;H-1B;UNITED STATES OF AMERICA;;1400 WASHINGTON AVENUE;;NY;75293.0;5189568050;12222;;;;UNIVERSITY AT ALBANY;2016-01-11;2011.0;2016-01-15;611310.0;NY;CHIEF EXECUTIVES;0.0;I-200-16011-195432;11-1011;12207;CERTIFIED;ALBANY;ALBANY;;N;,;;CBA;N;ALBANY;2017-01-31;Year;DIRECTOR;Year;2016-02-01
75;1;410000.0;H-1B;UNITED STATES OF AMERICA;WI;197 STATE ROUTE 18;OFLC ONLINE DATA CENTER;FL;253448.0;9142187581;8816;MADISON;;;ARICENT US INC.;2016-01-19;2015.0;2016-01-25;5415.0;NJ;CHIEF EXECUTIVES;0.0;I-200-16013-502758;11-1011;34109;CERTIFIED;NAPLES;EAST BRUNSWICK;;N;SOVERN, GRANT;;OES;Y;COLLIER;2019-01-31;Year;PRESIDENT, COMMUNICATIONS;Year;2016-02-01
76;1;219000.0;H-1B;UNITED STATES OF AMERICA;NY;1000 UNIVERSAL STUDIOS PLAZA;OFLC ONLINE DATA CENTER;FL;178942.0;4072243043;32819;NEW YORK;;;UNIVERSAL CITY STUDIOS PRODUCTION LLLP;2016-01-22;2015.0;2016-01-27;713110.0;FL;CHIEF EXECUTIVES;0.0;I-200-16013-828650;11-1011;32819;WITHDRAWN;ORLANDO;ORLANDO;;N;SCHRAGER, JENNY;;OES;N;ORANGE;2019-01-27;Year;SENIOR DIRECTOR, RIDE AND SHOW;Year;2016-01-27
77;1;52.5;H-1B;UNITED STATES OF AMERICA;CA;20 RED FOX ROAD;OFLC ONLINE DATA CENTER;CA;51.08;6514977550;55127;SOUTH SAN FRANCISCO;;;ALWAYS BELIEVE PLUS, LLC;2016-01-28;2015.0;2016-02-03;335221.0;MN;CHIEF EXECUTIVES;0.0;I-200-16014-537744;11-1011;94612;CERTIFIED;OAKLAND;NORTH OAKS;;N;YELNICK, MARC;;OES;N;ALAMEDA;2019-05-01;Hour;CHIEF EXECUTIVE OFFICER;Hour;2016-06-01
78;1;250000.0;H-1B;UNITED STATES OF AMERICA;VA;925 B STREET, FIFTH FLOOR;OFLC ONLINE DATA CENTER;CA;246522.0;6199779446;92101;RESTON;;;ZEETOGROUP, LLC;2016-01-15;2016.0;2016-01-22;5418.0;CA;CHIEF EXECUTIVES;0.0;I-200-16014-756091;11-1011;92101;CERTIFIED;SAN DIEGO;SAN DIEGO;;N;FU, MINNIE;;OES;N;SAN DIEGO;2019-03-14;Year;CHIEF EXECUTIVE OFFICER (CEO);Year;2016-03-15
79;1;76.62;H-1B;UNITED STATES OF AMERICA;FL;710 W 27 ST;OFLC ONLINE DATA CENTER;FL;76.62;3058882382;33010;HOLLYWOOD;;;HARIBOO FOOD 2004 INC;2016-01-18;2016.0;2016-01-18;424420.0;FL;CHIEF EXECUTIVES;0.0;I-200-16015-663513;11-1011;33010;WITHDRAWN;HIALEAH;HIALEAH;;N;CROCE, MICHELANGELO;;OES;N;MIAMII-DADE;2016-08-01;Hour;VP MARKETING (IMPORT/EXPORT);Hour;2016-02-01
80;1;76.62;H-1B;UNITED STATES OF AMERICA;FL;710 W 27 ST.;OFLC ONLINE DATA CENTER;FL;76.62;3058882380;33010;HOLLYWOOD;;;HARIBOO FOOD 2004 INC;2016-01-18;2016.0;2016-01-22;424420.0;FL;CHIEF EXECUTIVES;0.0;I-200-16018-952920;11-1011;33010;CERTIFIED;HIALEAH;HIALEAH;;N;CROCE, MICHELANGELO;;OES;N;MIAMI-DADE;2016-08-01;Hour;VP MARKETING (IMPORT/EXPORT;Hour;2016-02-01
81;1;250000.0;H-1B;UNITED STATES OF AMERICA;FL;213 NORTH RACINE;OFLC ONLINE DATA CENTER;IL;178776.0;7739227884;60607;CORAL GABLES;;;OAK STREET HEALTH MSO, LLC;2016-01-22;2015.0;2016-01-26;6214.0;IL;CHIEF EXECUTIVES;0.0;I-200-16022-722975;11-1011;60607;WITHDRAWN;CHICAGO;CHICAGO;;N;ESTRELLA, DAVID;;OES;N;COOK;2019-02-21;Year;CHIEF INNOVATION OFFICER & SENIOR VP OF CLINICAL SYSTEMS;Year;2016-02-22
82;1;250000.0;H-1B;UNITED STATES OF AMERICA;FL;213 NORTH RACINE;OFLC ONLINE DATA CENTER;IL;178776.0;7739227884;60607;CORAL GABLES;;;OAK STREET HEALTH MSO, LLC;2016-01-23;2015.0;2016-01-28;541990.0;IL;CHIEF EXECUTIVES;0.0;I-200-16023-946024;11-1011;60607;CERTIFIED;CHICAGO;CHICAGO;;N;ESTRELLA, DAVID;;OES;N;COOK;2019-02-21;Year;CHIEF INNOVATION OFFICER & SENIOR VP OF CLINICAL SYSTEMS;Year;2016-02-22
83;1;103480.0;H-1B;UNITED STATES OF AMERICA;DC;9344 LANHAM SEVERN ROAD, SUITE 210;OFLC ONLINE DATA CENTER;MD;103480.0;3014597484;20706;WASHINGTON;;;TOTAL CIVIL CONSTRUCTION & ENGINEERING LLC;2016-01-25;2015.0;2016-01-29;237310.0;MD;CHIEF EXECUTIVES;130000.0;I-200-16025-080607;11-1011;20706;CERTIFIED;LANHAM;LANHAM;;N;HAYNES, JOY;;OES;N;MARYLAND;2019-02-03;Year;VICE PRESIDENT;Year;2016-02-04
84;1;175000.0;H-1B;UNITED STATES OF AMERICA;MA;640 CEPI DRIVE, SUITE C;OFLC ONLINE DATA CENTER;MO;151507.0;3146144759;63005;BOSTON;;;FYBR LLC;2016-01-25;2015.0;2016-01-29;541990.0;MO;CHIEF EXECUTIVES;0.0;I-200-16025-408501;11-1011;63005;CERTIFIED;CHESTERFIELD;CHESTERFIELD;;N;RICCIO, LAURIE;;OES;N;ST. LOUIS;2019-07-24;Year;CHIEF TECHNOLOGY OFFICER;Year;2016-07-25
85;1;103480.0;H-1B;UNITED STATES OF AMERICA;DC;9344 LANHAM SEVERN ROAD, SUITE 210;OFLC ONLINE DATA CENTER;MD;103480.0;301301301459;20706;WASHINGTON;;;TOTAL CIVIL CONSTRUCTION & ENGINEERING LLC;2016-01-25;2015.0;2016-01-29;237310.0;MD;CHIEF EXECUTIVES;130000.0;I-200-16025-623373;11-1011;20706;CERTIFIED;LANHAM;LANHAM;;N;HAYNES, JOY;;OES;N;MARYLAND;2019-02-03;Year;VICE PRESIDENT;Year;2016-02-04
86;1;200000.0;H-1B;UNITED STATES OF AMERICA;PA;8750 NW 36 STREET;OFLC ONLINE DATA CENTER;FL;159370.0;3056400388;33178;PITTSBURGH;;;GREENLAM AMERICA, INC.;2016-01-28;2015.0;2016-02-03;3255.0;FL;CHIEF EXECUTIVES;0.0;I-200-16027-226633;11-1011;33178;CERTIFIED;DORAL;DORAL;;N;DRABECKI, J;;OES;N;MIAMI-DADE;2019-07-07;Year;CHIEF OPERATING OFFICER;Year;2016-07-08
87;1;180000.0;H-1B;UNITED STATES OF AMERICA;NY;1000 UNIVERSAL STUDIOS PLAZA;OFLC ONLINE DATA CENTER;FL;178942.0;4072243043;32819;NEW YORK;;;UNIVERSAL CITY STUDIOS PRODUCTION LLLP;2016-01-27;2015.0;2016-02-02;713110.0;FL;CHIEF EXECUTIVES;245000.0;I-200-16027-339569;11-1011;32819;CERTIFIED;ORLANDO;ORLANDO;;N;SCHRAGER, JENNY;;OES;N;ORANGE;2019-02-10;Year;SENIOR DIRECTOR, RIDE AND SHOW;Year;2016-02-10
88;1;160000.0;H-1B;UNITED STATES OF AMERICA;;5152 EDGEWOOD DRIVE, SUITE 375;OFLC ONLINE DATA CENTER;FL;159370.0;8012259990;84604;LONDON;;;CLARKE CAPITAL PARTNERS LLC;2016-02-24;2016.0;2016-03-01;52399.0;UT;CHIEF EXECUTIVES;0.0;I-200-16028-549997;11-1011;33130;CERTIFIED;MIAMI;PROVO;;N;HODKINSON, KEHRELA;;OES;N;MIAMI DADE;2019-03-20;Year;MANAGING DIRECTOR - TECHNOLOGY;Year;2016-03-21
89;1;199430.0;H-1B;UNITED STATES OF AMERICA;CA;8180 CORPORATE PARK DRIVE;OFLC ONLINE DATA CENTER;OH;155958.0;5134697462;45242;LOS ANGELES;;;RINA SYSTEMS, LLC;2016-02-05;2015.0;2016-02-11;541511.0;OH;CHIEF EXECUTIVES;0.0;I-200-16033-837236;11-1011;45242;CERTIFIED;CINCINNATI;CINCINNATI;;N;BROOKS, MICHAEL;;OES;N;HAMILTON;2019-08-05;Year;CHIEF FINANCIAL OFFICER;Year;2016-08-06
90;1;118000.0;H-1B;UNITED STATES OF AMERICA;NY;21175 S. MAIN STREET;OFLC ONLINE DATA CENTER;CA;117998.0;3103206303;90745;NEW YORK;;;ZYKA FOODS INC.;2016-03-02;2015.0;2016-03-08;424490.0;CA;CHIEF EXECUTIVES;0.0;I-200-16035-291161;11-1011;90745;CERTIFIED;CARSON;CARSON;;N;WEINRIB, NEIL;;OES;N;LOS ANGELES;2019-07-31;Year;CHIEF OPERATING OFFICER;Year;2016-08-01
91;1;151341.0;H-1B;UNITED STATES OF AMERICA;;4547 COUNTY ROAD 601;OFLC ONLINE DATA CENTER;MI;116334.0;9063397066;49814;LONDON;;;EAGLE MINE LLC;2016-02-09;2016.0;2016-02-11;21223.0;MI;CHIEF EXECUTIVES;0.0;I-200-16036-333127;11-1011;49814;DENIED;CHAMPION;CHAMPION;;N;FLYNN, JANICE;;OES;N;MARQUETTE;2019-08-05;Year;GENERAL MANAGER;Year;2016-08-05
92;1;151341.0;H-1B;UNITED STATES OF AMERICA;;4547 COUNTRY ROAD 601;OFLC ONLINE DATA CENTER;MI;116334.0;9063397066;49814;LONDON;;;EAGLE MINE LLC;2016-02-12;2016.0;2016-02-19;21223.0;MI;CHIEF EXECUTIVES;0.0;I-200-16036-525287;11-1011;49814;CERTIFIED;CHAMPION;CHAMPION;;N;FLYNN, JANICE;;OES;N;MICHIGAN;2019-08-12;Year;GENERAL MANAGER;Year;2016-08-12
93;1;130000.0;H-1B;UNITED STATES OF AMERICA;CA;492 W. DURHAM FERRY ROAD;OFLC ONLINE DATA CENTER;CA;85051.0;9169232647;95304;SAN FRANCISCO;;;CALIFORNIA MASTERPLANT, INC.;2016-02-29;2015.0;2016-03-04;1114.0;CA;CHIEF EXECUTIVES;0.0;I-200-16037-383426;11-1011;95304;CERTIFIED;TRACY;TRACY;;N;SCHAHAM GORDON, GALI;;OES;N;SAN JOAQUIN;2019-08-13;Year;CHIEF EXECUTIVE OFFICER;Year;2016-08-13
94;1;360000.0;H-1B;UNITED STATES OF AMERICA;MA;320 TURNPIKE STREET;OFLC ONLINE DATA CENTER;MA;254821.0;7818280848;2021;FRAMINGHAM;;;HARBAR LLC;2016-02-16;2016.0;2016-02-22;311830.0;MA;CHIEF EXECUTIVES;0.0;I-200-16039-097481;11-1011;2021;CERTIFIED;CANTON;CANTON;;N;PABIAN, KEITH;;OES;N;NORFOLK;2019-04-28;Year;CFO & VP BUSINESS DEVELOPMENT;Year;2016-04-29
95;1;3150000.0;H-1B;UNITED STATES OF AMERICA;IL;300 EAST RANDOLPH STREET;OFLC ONLINE DATA CENTER;IL;226699.0;3128612979;60601;CHICAGO;;;BAKER & MCKENZIE PC;2016-02-08;2016.0;2016-02-17;541110.0;IL;CHIEF EXECUTIVES;0.0;I-200-16039-469013;11-1011;60601;DENIED;CHICAGO;CHICAGO;;N;MORGAN, BETSY;;OES;N;ILLINOIS;2019-07-16;Year;PRINCIPAL (ATTORNEY) AND CHAIRMAN OF THE EXECUTIVE COMMITTEE;Year;2016-07-16
96;1;110000.0;H-1B;UNITED STATES OF AMERICA;UT;745 GRIER DRIVE;OFLC ONLINE DATA CENTER;NV;82514.0;7023613166;89119;LEHI;;;ARUZE GAMING AMERICA, INC.;2016-02-11;2016.0;2016-02-18;7132.0;NV;CHIEF EXECUTIVES;0.0;I-200-16041-184010;11-1011;89119;CERTIFIED;LAS VEGAS;LAS VEGAS;;N;MUKLEWICZ, JACOB;121.0;OES;N;CLARK;2019-03-01;Year;VICE PRESIDENT OF CORPORATE STRATEGY;Year;2016-03-01
97;1;35000.0;H-1B;UNITED STATES OF AMERICA;VA;375 FOUR LEAF LANE;OFLC ONLINE DATA CENTER;VA;17264.0;4348174570;22903;VIRGINIA BEACH;;;SD MANAGEMENT GROUP LLC;2016-02-10;2016.0;2016-02-17;541820.0;VA;CHIEF EXECUTIVES;0.0;I-200-16041-423978;11-1011;22903;CERTIFIED;CHARLOTTESVILLE;CHARLOTTESVILLE;;N;MIJAL, MARA;;OES;N;CHARLOTTESVILLE;2019-08-11;Year;CHIEF SUSTAINABILITY OFFICER;Year;2016-08-11
